latitude,longitude,time,sst_celsius,depth,temp_0m,temp_5m,temp_10m,temp_20m,temp_30m,temp_50m,temp_75m,temp_100m,temp_125m,temp_150m,temp_200m,temp_300m,temp_500m,temp_700m,temp_1000m
5.125,48.625,2026-01-01,26.269684,0,26.503567526950384,26.500006421966546,26.49513649075608,26.485765563038857,26.476678153322375,26.453210654124902,26.210267944852916,24.528452155031854,,,,,,,
5.125,48.875,2026-01-01,26.420288,0,26.52335900957801,26.520862851095334,26.516209997428195,26.507655418282482,26.499808159776823,26.33283451205819,25.76429921229964,23.773100888225258,20.62832209257246,18.313175982836356,15.579773922026313,13.162637559972241,11.111426331077116,,
5.125,49.125,2026-01-01,26.536438,0,26.432345982848666,26.4298497143119,26.425337829963983,26.417363615705394,26.413760279776305,26.15855408769025,25.59319064625432,23.167224981967298,20.397063126857013,18.0736159984189,15.055489025956737,13.009512513588984,10.366838413273527,9.45535211541447,7.884297063547589
5.125,49.375,2026-01-01,26.574554,0,26.50530310508131,26.50289222111242,26.498434176744396,26.490245709860634,26.480955432973097,26.31257349577804,25.41135094319937,23.056906247358185,20.30881312713791,17.915972360574564,14.616916862605358,12.260699203480177,9.96786628473108,9.346032684373967,7.384937438305949
5.125,49.625,2026-01-01,26.576141,0,26.56885755418613,26.567157290634462,26.563119614580074,26.554616116582263,26.544395401760283,26.417882870585597,25.440576550090434,22.940898156844696,20.178383753888134,17.648642135556944,14.148925692139272,11.484726953115175,9.952136691249835,9.354106027791545,6.99299653289955
5.125,49.875,2026-01-01,26.585785,0,26.555948684602967,26.553807188850623,26.54985594503742,26.54152665741192,26.535856772511565,26.430595267491096,25.37740754126996,22.79348761519327,19.92971611586738,17.45972495262536,13.918703443951214,11.121958645006139,10.03086467698807,9.48467955018181,6.995487453467264
5.125,50.125,2026-01-01,26.569672,0,26.463383145052116,26.46080058979704,26.456105347427343,26.447504068498624,26.440946740339072,26.365407856925085,25.364248753552026,22.656553867887897,19.766586348886136,17.31251983834421,13.805384812373255,11.002798093461926,10.074296109103289,9.549891144591292,7.144662289245765
5.125,50.375,2026-01-01,26.532257,0,26.40450315870903,26.401284447185162,26.395814171499453,26.386528964378478,26.378846961576045,26.28671776803051,25.318950182868328,22.52800091844112,19.619088595607398,17.10984322657744,13.651442647226624,10.837877523095587,10.090951042145218,9.452236279656463,7.112595531812765
5.125,50.625,2026-01-01,26.498047,0,26.379416931835934,26.37531733252254,26.36903795007064,26.35906331830151,26.34995656933014,26.22933097689379,25.030068871954317,22.274961291219157,19.411991817948326,17.07941977736408,13.656136284687983,10.627380306983142,10.038270081038611,9.197981772677593,7.1627897816873185
5.125,50.875,2026-01-01,26.45871,0,26.37127272097208,26.366721636207405,26.359515292229197,26.348541442780316,26.337909837688443,26.21728531169429,24.828915854102526,22.105257086074722,19.373773870029822,17.13062384690148,13.667746883521435,10.687785307840503,10.089102224181683,8.922758522612328,7.126690433859274
5.125,51.125,2026-01-01,26.40329,0,26.373189585698768,26.367830940449274,26.360527864570187,26.34826941434285,26.334592328949324,26.224822182799265,24.78414630383384,21.96318027466844,19.35423319189475,17.195459664266497,13.770838947185727,10.785546314620413,10.162727131939935,8.93124602159601,6.967635223415897
5.125,51.375,2026-01-01,26.363556,0,26.400567891123696,26.395112540499902,26.387626300478743,26.37482961274241,26.3584163740183,26.21779656434,24.60977086459146,21.776923882354836,19.320411635950116,17.228582937253485,13.859292372980313,10.871280664823527,10.227227991379532,8.98400416485317,7.0052781980135785
5.125,51.625,2026-01-01,26.399017,0,26.44002281822823,26.434297969333787,26.42699485881101,26.413653742573274,26.39434445856547,26.233125866392598,24.293261014345156,21.63415661623034,19.268939680723243,17.23295769765302,13.959443121735287,10.942060315298715,10.264094231478978,8.996348552729659,7.083164359138796
5.125,51.875,2026-01-01,26.41745,0,26.5008251110306,26.495467539981004,26.488519264886488,26.474450991137395,26.45057785246794,26.252574703801024,24.135953958586896,21.523130853894777,19.211618625058406,17.237353311523336,14.032018620202525,11.02004070930682,10.262508957484343,8.997173448372866,7.146651373713216
5.125,52.125,2026-01-01,26.472595,0,26.571861631652336,26.565965001417613,26.55924257504401,26.54613660118727,26.522051887791825,26.276310935496973,24.07938178997228,21.415314028147627,19.156008000874614,17.25122293939596,14.122285304150616,11.051910691750528,10.219277886586596,9.006869682295967,7.179843157442782
5.125,52.375,2026-01-01,26.514862,0,26.637598695648833,26.63187384675439,26.625162713187073,26.612689544516847,26.591410880148533,26.337037449464077,24.057930802243412,21.32147165270594,19.108890376424185,17.24421331922918,14.20466332171372,11.044799534758875,10.208266224393792,9.010412649039065,7.1783531869226795
5.125,52.625,2026-01-01,26.58133,0,26.696744080116968,26.691030614024314,26.684533926317535,26.672744887543452,26.656701541574485,26.421769816668274,24.074145536451475,21.263120059275487,19.063647644768324,17.206608482300332,14.258238527352756,11.03774119346071,10.258505329559982,9.005260701893949,7.1636377218276515
5.125,52.875,2026-01-01,26.638092,0,26.746002121312536,26.74026600696296,26.73360892071768,26.722090832003044,26.709642252777545,26.510148134241575,24.11023451997089,21.27355784435997,19.008265861029415,17.140476599763957,14.28894017357435,11.063840649797811,10.315528326178317,9.009111303871652,7.178970749246385
5.125,53.125,2026-01-01,26.689056,0,26.780793583130347,26.77486245244509,26.767667007291756,26.756510573382563,26.745798348246538,26.57753412164249,24.10974637130353,21.328527061029902,18.979259246236666,17.096776590860163,14.314569253140785,11.124956047261081,10.34255593120464,9.017730310478637,7.222665768636048
5.125,53.375,2026-01-01,26.762268,0,26.815767388274892,26.809138336165166,26.801823897542878,26.790475207738986,26.779673426927054,26.617016892841576,24.05114273906527,21.357128545512552,19.005576602806276,17.120744423202535,14.313263093463831,11.26818701403528,10.376123222939185,9.026742387777542,7.2647305912251765
5.125,53.625,2026-01-01,26.844849,0,26.859897420225664,26.852719103090458,26.844897097217,26.833144229944722,26.822561556967642,26.642964138998323,23.994200620831965,21.39801983831977,19.133310868933336,17.232957664243596,14.302990324665062,11.52955820928895,10.445399816123505,9.026852477542846,7.306227949392075
5.125,53.875,2026-01-01,26.922882,0,26.91197559346339,26.90346226686077,26.895758251141487,26.883954325712338,26.8728351947238,26.646144764780004,23.957537505732063,21.4958851673289,19.31436913272145,17.40653875818502,14.29224746516177,11.746570535481496,10.518635803947557,9.010098531408987,7.375430993724358
5.125,54.125,2026-01-01,27.000946,0,26.971486484789164,26.96244665876464,26.95490293152976,26.94337091013997,26.93332292900216,26.64185777346586,23.96718889058467,21.66245050144252,19.49503050085122,17.528586759422673,14.257111100125792,11.830496475806235,10.544412451142694,8.994200974645661,7.446047639883965
5.125,54.375,2026-01-01,27.101288,0,27.036674118354803,27.027245385725585,27.019541362713753,27.007105010224116,26.99381067565575,26.64278443855669,24.179874647136977,21.87379276884687,19.655269155433192,17.523035748796325,14.275689623870921,11.788810094226879,10.464213434390578,8.996300613938738,7.460458400377135
5.125,54.625,2026-01-01,27.129974,0,27.098372022054964,27.088392784794998,27.080559873415297,27.066993193169075,27.04927205152108,26.79586756271901,24.55831904019731,22.02509167247429,19.77039212745955,17.5371626773894,14.331860905837537,11.744017359645694,10.361599682749972,9.005275574692574,7.433629792390614
5.125,54.875,2026-01-01,27.131287,0,27.158519271965943,27.148086950311704,27.140211649995088,27.125872183709824,27.102963630133246,26.894088564495064,24.725660185834847,22.129438316284016,19.80607174222122,17.620356820986764,14.404981269645951,11.742853245541454,10.325247277950812,9.019449591116114,7.4295228907612545
5.125,55.125,2026-01-01,27.176788,0,27.224621974414156,27.21330806896902,27.20572226500377,27.191242158453413,27.16568700411743,26.835658102462844,24.491699519932098,22.155400504589394,19.841481886268134,17.715975425037286,14.494177031672383,11.771536494680127,10.35372021309606,9.050513935251088,7.443968396736194
5.125,55.375,2026-01-01,27.201294,0,27.283940954306097,27.272236507514755,27.264403871718393,27.25092595466608,27.228474550824572,26.642936843841728,24.076846589337606,22.124073402927813,19.923215494215164,17.81040547197719,14.613945441354645,11.804631860510767,10.399003169225207,9.11092405921124,7.458474372573917
5.125,55.625,2026-01-01,27.23352,0,27.342621487567136,27.329939219810697,27.322223932395147,27.309970935390886,27.29164838669547,26.45197234877613,23.829585565390335,22.039128432299385,20.01772997665175,17.908713895373435,14.759461120670643,11.830309898508604,10.43672655706986,9.19611718238659,7.474242182131636
5.125,55.875,2026-01-01,27.264832,0,27.393420395486096,27.3792080424845,27.371481856244074,27.35895678084772,27.341232013435874,26.360647517905306,23.65950459207589,22.01121307659335,20.06222732193086,18.007822926083,14.927342436679723,11.852764215684257,10.469169728515627,9.274164490764589,7.489637681074413
5.125,56.125,2026-01-01,27.276459,0,27.442569603058494,27.427343636436746,27.41886464512214,27.404750631887996,27.380375895992678,26.336068978583242,23.61528837321861,22.01721418736431,20.08366442438173,18.10675808281433,15.093136601268627,11.86222088985524,10.50288815402515,9.343089023059648,7.533376615198172
5.125,56.375,2026-01-01,27.281921,0,27.497136822747983,27.480479676499094,27.471643363467635,27.454406998621934,27.417037540666396,26.34030927605498,23.630657267326185,22.00799593434254,20.121759899742045,18.194707089548288,15.247660338932103,11.872110512338695,10.530120687113987,9.41784246530673,7.617460850758093
5.125,56.625,2026-01-01,27.320343,0,27.552426325350886,27.53416556133842,27.52498317693066,27.505151034802388,27.458214474074055,26.323282407038434,23.664118501427062,21.973260144314242,20.16522365724441,18.291599089707418,15.391214440903603,11.891849018275085,10.537254981137833,9.476688457437135,7.642943210920382
5.125,56.875,2026-01-01,27.39032,0,27.606713263587025,27.58726721829688,27.57721289341776,27.556794311797127,27.501894104948164,26.28492244584494,23.672120841014625,21.944089594102927,20.17842798816194,18.37233452946311,15.521937617613478,11.919990895808969,10.515525706654795,9.43961857032904,7.630554966398634
5.125,57.125,2026-01-01,27.470673,0,27.65641282745998,27.635070999443663,27.624596386681283,27.60341044507361,27.53991700226733,26.197898800850712,23.686119129106025,21.9011511502015,20.147861628936028,18.391047999796314,15.644181705108043,11.950403884936073,10.462534089388408,9.387744823801881,7.596741070616647
5.125,57.375,2026-01-01,27.531311,0,27.698420799979004,27.6750124077206,27.66419138639798,27.641974508934787,27.56603679931245,26.038835913932605,23.743452612040073,21.881115394374305,20.102753066642904,18.368945940571972,15.716196431518386,12.013761970277894,10.44874566663487,9.42757505676936,7.566012334880325
5.125,57.625,2026-01-01,27.601318,0,27.74263663436559,27.717138979969867,27.70557381772874,27.682913898214792,27.57756578929505,25.81814580794616,23.754719504643262,21.880944864718124,20.07371272735388,18.330626579707722,15.730968954007698,12.121135432597612,10.515061223682522,9.441308607524322,7.5502767481584545
5.125,57.875,2026-01-01,27.690277,0,27.812013780275244,27.784006742281747,27.771870595923993,27.741763412270725,27.606281680323182,25.608106856704133,23.672771667132643,21.841585906790254,20.067302797246253,18.327302725731833,15.705067885157128,12.212266384334256,10.612974006895591,9.456841907190388,7.549930124616608
5.125,58.125,2026-01-01,27.773193,0,27.900628442896462,27.871190410764402,27.858579885400644,27.820068184307424,27.666308630132814,25.55229207720724,23.608481992645785,21.762063815449714,20.052708383669483,18.32708891744985,15.660264315149151,12.291122889439706,10.677224265435667,9.478485286294458,7.549390215988014
5.125,58.375,2026-01-01,27.882294,0,27.988048759357,27.956703137000694,27.942695305806623,27.89935494294256,27.736762983932763,25.747086674828804,23.605693830593566,21.686693305559402,20.02342917695792,18.31723756908486,15.618137047338408,12.374595744348108,10.706125554853202,9.507049280163898,7.549820058729626
5.125,58.625,2026-01-01,27.999664,0,28.074196820735917,28.04168898217042,28.027841798779477,27.98622669800895,27.829666160191273,26.073559577013967,23.77763091654318,21.655336933034068,19.996244147277633,18.328022801539884,15.581540857549943,12.424102223561217,10.730960282172282,9.534549569089199,7.557750473213295
5.125,58.875,2026-01-01,28.101288,0,28.163458327482328,28.129960025302978,28.115863333371053,28.074486743431176,27.929261470837456,26.368558158980093,24.123713893332877,21.78126478302071,20.00579222495478,18.348155699249283,15.55546762767462,12.504337531623175,10.758408092652477,9.542374806255648,7.572204661048035
5.125,59.125,2026-01-01,28.200378,0,28.24850887512321,28.214718260399728,28.200191888783905,28.15754128324365,28.016792057310294,26.61827336825985,24.447738586641734,22.132308789741018,20.084646771323303,18.421002506677887,15.54937966039692,12.59427831642877,10.786214932494623,9.54596777935474,7.60186060386212
5.125,59.375,2026-01-01,28.275787,0,28.332266892061604,28.29766773779884,28.2830563191222,28.24657758843079,28.135903705581143,26.86198166265909,24.696790442921202,22.576874349545,20.33258406643628,18.52901761541299,15.59364437647405,12.623943910313239,10.8015777137815,9.567497325603563,7.634701753623983
5.125,59.625,2026-01-01,28.314148,0,28.398264029797197,28.363211648264418,28.350686223417767,28.321371047627824,28.230989289617376,27.091109696911417,24.96316793225956,22.964807985626695,20.75181875879953,18.709799793881928,15.668543270424141,12.598433634474443,10.81116894260655,9.600830836634096,7.652391624185205
5.125,59.875,2026-01-01,28.350647,0,28.450343628949465,28.414654743253315,28.40304347035913,28.381198562452248,28.310607222357046,27.278675341946595,25.220652433722435,23.289376660342466,21.15238823962252,18.923726796169795,15.732581778588115,12.554672343386237,10.829552410967498,9.637470558934229,7.654929626941077
5.125,60.125,2026-01-01,28.355103,0,28.494474589971702,28.45915062649304,28.448272362517905,28.43430673145846,28.39038665571045,27.382946946667357,25.49518565238825,23.574977222993766,21.44398185023563,19.090330633011824,15.756248963448009,12.52195616331948,10.85712682967892,9.666133698620438,7.669511577068052
5.125,60.375,2026-01-01,28.361603,0,28.531183026420905,28.496288854260648,28.48539009220365,28.47500809346422,28.44265763704658,27.463612632410285,25.782113370510118,23.849487833645007,21.719589854091993,19.280667953832147,15.750104761066687,12.494624892833718,10.880039044143803,9.697341114968257,7.6795731077767755
5.125,60.625,2026-01-01,28.357727,0,28.562550741682735,28.52543755730585,28.51519388510512,28.506209001285235,28.48162268145621,27.568191862165975,25.920524164761787,24.069166753057335,21.9410255775553,19.443149448527578,15.769294841695206,12.47312991474098,10.903852761683371,9.743653816192026,7.672640929699586
5.125,60.875,2026-01-01,28.380615,0,28.58636523060871,28.54941469259103,28.538999378441233,28.53000844736726,28.509537072843685,27.603840273368164,25.967921420065906,24.165716933403182,22.2122754866054,19.590090683582318,15.825260538358872,12.462454533170156,10.927158839718437,9.787985236021143,7.668281501579456
5.125,61.125,2026-01-01,28.398376,0,28.605344365040793,28.569933880600267,28.559464976059793,28.550522666764657,28.533932448751443,27.660094635313765,26.023383432345348,24.268156485830136,22.406487801341164,19.756127087321595,15.881102681109073,12.468967839764616,10.942627990314891,9.808599570624553,7.648457101484336
5.125,61.375,2026-01-01,28.437073,0,28.621489176278914,28.588783608120657,28.578453153619556,28.571929417599176,28.56084920067176,27.760893663899438,26.149332126036747,24.39733743624425,22.56430373452528,19.97054704082575,15.908432861017179,12.477455357104507,10.94642229296327,9.792851037693978,7.594143211660564
5.125,61.625,2026-01-01,28.478058,0,28.638807869624323,28.607438216549063,28.597258561329472,28.593331316845006,28.58390216976455,27.875517108629886,26.26913994608067,24.5759871537793,22.717079260093335,20.127177290179993,15.93500755391505,12.490551730466017,10.940214656612918,9.74316255272134,7.497873480454414
5.125,61.875,2026-01-01,28.544525,0,28.66233259966678,28.630337606924634,28.62055654273311,28.617590875402712,28.609863760803304,27.965654807149637,26.40908818230745,24.764865457149476,22.8508922711357,20.233350532976857,15.967781980060126,12.514911855179868,10.924248725604805,9.685846231889244,7.415529232618061
5.125,62.125,2026-01-01,28.587097,0,28.68704225470682,28.65360394196552,28.64371307084061,28.64137776442213,28.631489971770392,28.027221818912857,26.56547809950464,24.95618245469283,22.963905374000962,20.291733330081634,16.0069233136876,12.55119216641473,10.907157679064639,9.645740892026346,7.35644112472008
5.125,62.375,2026-01-01,28.617157,0,28.711308888600197,28.677248765440176,28.667970373802532,28.668345684760084,28.65871306185993,28.058529321870054,26.701074078436264,25.128407666524392,23.071309797751574,20.313592314050844,16.04654953648651,12.599665715368767,10.903815631491224,9.627723747715597,7.344498223841648
5.125,62.625,2026-01-01,28.648071,0,28.73146286136194,28.69739060169596,28.687929163262893,28.69164492536788,28.68681199530867,28.06685825577378,26.80756671577187,25.27633773261209,23.187718973268566,20.32170213067883,16.077904484263435,12.661659843224623,10.908457892592672,9.62804840494081,7.352018464464036
5.125,62.875,2026-01-01,28.69226,0,28.74564898673257,28.711490192769404,28.701210916803255,28.707719866927583,28.702986788468923,28.059259812022873,26.880815399587163,25.400485978488895,23.31054996583054,20.33618078789419,16.101185512328144,12.728424569871082,10.914938372723615,9.63215654119146,7.352734386624216
5.125,63.125,2026-01-01,28.71521,0,28.754804494863357,28.72028044363701,28.709505954796004,28.71987762443695,28.711713607455586,28.078424518191383,26.94037595726,25.509324905692523,23.422398944442044,20.36551932717711,16.130597018602273,12.788422794207127,10.929543532917581,9.631330763013189,7.358378751733129
5.125,63.375,2026-01-01,28.73648,0,28.76048082306793,28.725442542336793,28.714224032463253,28.728973028906093,28.718591193325345,28.13081077617575,27.014959146092863,25.615758770437786,23.511672141738032,20.396527130635043,16.160220989389913,12.836856722376698,10.929896861458086,9.63454934677419,7.3754371006962405
5.125,63.625,2026-01-01,28.762543,0,28.76808467664102,28.73293830773379,28.721592594558746,28.743143717723544,28.72949637648836,28.19315872506996,27.125102066060904,25.74303063004715,23.55483573556685,20.429544297356202,16.160295146762024,12.877212746883252,10.905843114868375,9.627653607451347,7.3761784750427655
5.125,63.875,2026-01-01,28.77417,0,28.778964630326282,28.742654221706005,28.731962064191965,28.76859555060816,28.745487236095517,28.264394849067088,27.238520002120083,25.881914921873474,23.521020390361578,20.44170581311437,16.153279200909804,12.910183601728441,10.87397944575285,9.58674530502234,7.333938422005331
5.125,64.125,2026-01-01,28.802277,0,28.792321685711205,28.754555798961704,28.7465483745339,28.795186205741935,28.764835085399852,28.33460120717895,27.345839650300064,25.9693153027809,23.45133283484249,20.41986831643912,16.179629000619045,12.924819105446785,10.840548365253724,9.5193048654137,7.280023932986797
5.125,64.375,2026-01-01,28.827118,0,28.81443583095557,28.773072082116542,28.76590224360494,28.821070825919307,28.7990966021696,28.409681297592186,27.48088922654457,26.00788283780563,23.379144830965735,20.402523180478422,16.203752392673543,12.901316135160872,10.80619064896747,9.465769882759641,7.2549710694210505
5.125,64.625,2026-01-01,28.839996,0,28.833987200216566,28.789199126285176,28.784135017263594,28.855295088779716,28.85815964531401,28.525780786941997,27.66382561022943,26.003661698919814,23.328798375462334,20.427300362218247,16.193997215611837,12.861620807980877,10.793855565874177,9.435179651426377,7.260298659915859
5.125,64.875,2026-01-01,28.838745,0,28.843499317781344,28.796878280525384,28.79576723338758,28.896078710674523,28.94245345239589,28.662311386725165,27.855230736432866,26.004509168221794,23.257112163425433,20.43394150830987,16.148799302472263,12.821642192381242,10.796733150859485,9.4265712748107,7.281303421676523
5.125,65.125,2026-01-01,28.838043,0,28.856037057818256,28.808608104807,28.809706615129333,28.926864220910375,29.034948436448502,28.82657342621119,28.029859173295932,26.001325347337456,23.164941698728928,20.40552788796854,16.097707874044204,12.775747621071261,10.792749576343873,9.418603770644271,7.295911260129613
5.125,65.375,2026-01-01,28.830292,0,28.87299052211753,28.825991792348777,28.823983403565734,28.952831955874302,29.137718362722175,28.990598374049217,28.198325349713315,26.013128101807837,23.08830594473111,20.340509119382343,16.05571083155018,12.735842326062517,10.761566629526463,9.405835206688904,7.288636312354177
5.125,65.625,2026-01-01,28.81903,0,28.874542610792943,28.82674777719751,28.826565636225418,28.96731896371176,29.215935988167995,29.140573473568693,28.401471767929316,26.097989793976456,23.03657911480486,20.236227703514082,16.0124552692046,12.713349608169949,10.728987788613338,9.382168232656777,7.248607114549883
5.125,65.875,2026-01-01,28.80777,0,28.87388581497758,28.824744647282216,28.817722876721298,28.963728524680427,29.26365322913014,29.278114849312743,28.625652296711976,26.277142344368897,22.98285288874766,20.118241520118403,15.94673584429091,12.710390555513197,10.720103728953177,9.350838569353272,7.22125631288916
5.125,66.125,2026-01-01,28.80127,0,28.866079449619853,28.8136106053151,28.805444601466295,28.963033909319478,29.340278873350158,29.44702187594735,28.78077031728314,26.513069689236705,22.923664962260496,20.000847019723857,15.850775727761047,12.72039033312771,10.718250046349535,9.310645552785921,7.180494612698937
5.125,66.375,2026-01-01,28.775146,0,28.84580757593474,28.789989855222853,28.783744939693538,28.944134313485435,29.361203141769536,29.586251630155356,28.960846363086322,26.726023797996046,22.857048111141612,19.865197923438977,15.735097284660178,12.732144037961707,10.705997466147831,9.271650582844597,7.151817469432111
5.125,66.625,2026-01-01,28.754822,0,28.834337190187902,28.774984433001052,28.767850812698867,28.918394639458334,29.330724276431244,29.59033324181106,29.192368698150915,26.99857672557505,22.822842253844577,19.72515045922892,15.606323920746533,12.735977860612273,10.681703928568261,9.243730829763384,7.166709974995727
5.125,66.875,2026-01-01,28.737427,0,28.82469810773821,28.76201787515475,28.75314185106581,28.877429475531994,29.231113317048585,29.570307893753608,29.332266281947504,27.254414317048997,22.842615093231856,19.602677140391123,15.46618935589704,12.721157337045451,10.649838265930715,9.222253267749618,7.194981059313832
5.125,67.125,2026-01-01,28.724823,0,28.810395673231543,28.745355522704838,28.73243307884166,28.823185159136166,29.159958789740802,29.507706630565195,29.476062302432,27.47771096706595,22.861569300682824,19.485475974082053,15.34274904360739,12.68754955088826,10.631631686514865,9.207800900341319,7.204320814125903
5.125,67.375,2026-01-01,28.710358,0,28.794155204882273,28.725786146733874,28.711014739320973,28.785840414736796,29.13379777979092,29.500449539376874,29.571077529629715,27.667715098730206,22.89464951993572,19.39168899924914,15.236914489490358,12.645061495102986,10.615577592042598,9.209008941062578,7.194289052942386
5.125,67.625,2026-01-01,28.701935,0,28.784146744521095,28.713355323051506,28.697983360897744,28.777855722829713,29.10851339273011,29.52235367935498,29.656560304696484,27.83313953226132,22.90976542312104,19.32146652493904,15.154665980402964,12.59772168267102,10.591890776718868,9.226420820524037,7.157287762328707
5.125,67.875,2026-01-01,28.680695,0,28.77119226454527,28.69704884263693,28.682731727475044,28.74176287441971,29.039645208180453,29.536366360920653,29.714093775702278,27.969596535372432,22.931120099155898,19.267515845535122,15.072614077355457,12.536735701753667,10.582742343886911,9.24756181322803,7.117171262354894
5.125,68.125,2026-01-01,28.679352,0,28.769587168239745,28.691747694656872,28.67560089237049,28.710544181470677,28.986787057806833,29.54081484810137,29.799060547977653,28.06730227478142,22.952935932941237,19.229406824573886,15.010204889173103,12.482912054333369,10.609025255365118,9.25231396814742,7.081366039419952
5.125,68.375,2026-01-01,28.669373,0,28.77771027970309,28.69798546024542,28.682815608651733,28.72192782098098,28.977134916269254,29.580908294308266,29.84273649228126,28.111225999151273,22.984535141613144,19.209897298993944,14.978053678082624,12.47142449513257,10.656505878775093,9.230580222734552,7.049182916181858
5.125,68.625,2026-01-01,28.660645,0,28.765142879325644,28.682972152912427,28.667295634692326,28.716964632287066,29.01955728865867,29.547708628119562,29.80616213365238,28.12709647701476,23.017967832843688,19.20399279178669,14.95398889292139,12.472399574077897,10.694706955128012,9.194503035792167,7.042912144931477
5.125,68.875,2026-01-01,28.678741,0,28.736635063218305,28.651145778907278,28.63558749820485,28.678173596063623,29.02085571866685,29.430881143136077,29.71049732618696,28.10938682847442,23.046116474628008,19.20054581252384,14.938887772013876,12.454179759747728,10.72690351001965,9.155685028519684,7.025019748674484
5.125,69.125,2026-01-01,28.6745,0,28.69979783810028,28.610873146271498,28.594753721330846,28.63748998528767,29.01196406663228,29.363856001162937,29.60134739946209,28.024938660198767,23.061946347483143,19.194224707865725,14.921797410019579,12.425608649420944,10.754971619952562,9.097266321824195,7.001247970148997
5.125,69.375,2026-01-01,28.673218,0,28.66516771408073,28.573894512895343,28.557343427564298,28.603585184749306,28.99332800051494,29.320997586221843,29.54687045810541,27.961790327067057,23.106156146744784,19.168073926790385,14.90905307367682,12.41620765210056,10.77135139850201,9.02763432259524,6.987354877744012
5.125,69.625,2026-01-01,28.668365,0,28.646566086539742,28.55394731640037,28.537792961777548,28.590412049860234,28.933846822618055,29.293443301197136,29.512568276202508,28.014513275347326,23.202462295352436,19.123965939459584,14.896299119164564,12.438498849113243,10.77012140688245,8.998252797815292,6.973889808156478
5.125,69.875,2026-01-01,28.665466,0,28.626973245394154,28.53379221715957,28.519540990274542,28.561437482790126,28.78833613394787,29.2522726797318,29.460245617593372,28.061265430709614,23.300921507466754,19.06884443482821,14.870184001107553,12.463570792884692,10.756647872111806,9.005118039162213,6.982507763567768
5.125,70.125,2026-01-01,28.648712,0,28.638777323236624,28.544606285638313,28.53426172855368,28.56123658157031,28.720315904653027,29.22384265204272,29.430584074848134,28.100413954358743,23.36845616434615,18.998061175934545,14.821235802101107,12.469916106130647,10.743037903458788,9.0281492209214,7.009094659578456
5.125,70.375,2026-01-01,28.636444,0,28.63799454399711,28.54055726370791,28.5337874621908,28.56013885400916,28.687218617618484,29.24193554596289,29.443857009392,28.083762799157043,23.407024950834035,18.873443797013984,14.754915444851758,12.473543703127715,10.72543173932579,9.052682914451182,7.042952154195198
5.125,70.625,2026-01-01,28.615112,0,28.63193119107087,28.532877046379966,28.524912334835726,28.557776067107262,28.63144047285567,29.151870193324978,29.465811822201655,28.096702411134686,23.278933349027707,18.698085028964698,14.680555092789188,12.472973386567617,10.69665342716956,9.070451417379358,7.070296478180367
5.125,70.875,2026-01-01,28.594208,0,28.620074421694643,28.51824002233785,28.507389177620595,28.527031670724377,28.57135101573558,28.94407286387297,29.450480495198736,28.08164925349294,22.970173056285983,18.495708451333094,14.629925030724197,12.457669603812498,10.658620061210428,9.069888337254564,7.086191701125228
5.125,71.125,2026-01-01,28.586151,0,28.59680964830163,28.493360332596076,28.4813328481274,28.504790451257,28.539665934091566,28.767032041987402,29.342146462261883,27.831696117273964,22.569536010334197,18.31402501630103,14.623591394160519,12.42359765260224,10.620987622656099,9.054022265496325,7.089993918890495
5.125,71.375,2026-01-01,28.569977,0,28.57218607036203,28.46828523763613,28.458333969627407,28.47426147071627,28.498668495400935,28.6357826267825,29.126740833452544,27.469507996913148,22.178300941287517,18.20034515515736,14.602976527632578,12.359837225001051,10.594718590716326,9.025541591529269,7.084914847181275
5.125,71.625,2026-01-01,28.539337,0,28.550717018751612,28.447811647837128,28.434578801426248,28.449060273119947,28.469186124057018,28.54436977539015,28.84366784744598,26.96880931864339,21.86648895822801,18.200399258771107,14.566255274875441,12.232663113098596,10.582596756460319,9.01334396486928,7.078424769042447
5.125,71.875,2026-01-01,28.493225,0,28.523326136144217,28.41888990150602,28.4032604011266,28.40277049497645,28.436632798150683,28.50014856603513,28.442413669912014,26.42466039646346,21.738181499961918,18.25267660980111,14.543074056167196,12.07618150800623,10.541211830688937,9.01679815191629,7.066066300878434
5.125,72.125,2026-01-01,28.474457,0,28.48490971699878,28.382488503220735,28.378919767320305,28.392132862065964,28.421355712503765,28.51295017142469,28.261335523739973,26.099041671225724,21.78960121338435,18.293460615095917,14.487226320025346,11.988273512437592,10.506375155834043,9.027676039069007,7.000628186920515
5.125,72.375,2026-01-01,28.440613,0,28.415494866485176,28.316307849485636,28.322314284881372,28.33648194446662,28.365082458455085,28.485271680467882,28.189873973513734,26.033375081792514,21.867423704717925,18.364409256884827,14.481230113798846,11.886519877318857,10.586967479874847,9.011692843122734,6.927743743839125
5.125,72.625,2026-01-01,28.40326,0,28.38116230017394,28.301194667042758,28.302277329894707,28.280393364122226,28.27307619664341,28.331639203315785,28.05538236474625,26.116654838462765,21.8033660640331,18.405562986015298,14.635739450613038,11.771063928195968,10.424143474595553,8.991296434015435,6.901601742229106
5.125,72.875,2026-01-01,28.344177,0,28.493194549060853,28.4852527182653,,,,,,,,,,,,,
5.125,73.125,2026-01-01,28.31192,0,28.35531317606833,28.29002018865944,28.276378151606533,28.287295284393153,28.302940074455805,28.31991226494962,,,,,,,,,
